{"cameraMode":{"drawMode":0,"name":"Shaded","section":"Shading Mode"},"sceneLighting":true,"audioPlay":false,"sceneViewState":{"showFog":true,"showMaterialUpdate":true,"showSkybox":true,"showFlares":true,"showImageEffects":true,"showParticleSystems":true,"showVisualEffectGraphs":true,"m_FxEnabled":true},"in2DMode":false,"pivot":{"x":-7.212669849395752,"y":33.902828216552737,"z":-55.9241828918457},"rotation":{"x":0.3314127027988434,"y":0.015865514054894449,"z":-0.005572751630097628,"w":0.9434601664543152},"size":6.6313910484313969,"orthographic":false}